ISO,Country,Description,Price / msg
AD,Andorra,ANDORRA Outbound SMS - Mobiland,0.01500
AD,Andorra,ANDORRA Outbound SMS - Other,0.01500
AE,United Arab Emirates,UNITED ARAB EMIRATES Outbound SMS - Etisalat,0.03100
AE,United Arab Emirates,UNITED ARAB EMIRATES Outbound SMS - Other,0.03100
AE,United Arab Emirates,UNITED ARAB EMIRATES Outbound SMS - du,0.03100
AF,Afghanistan,AFGHANISTAN Outbound SMS - AWCC,0.08710
AF,Afghanistan,AFGHANISTAN Outbound SMS - Afghan Telecom,0.08710
AF,Afghanistan,AFGHANISTAN Outbound SMS - Etisalat,0.08710
AF,Afghanistan,AFGHANISTAN Outbound SMS - MTN,0.08710
AF,Afghanistan,AFGHANISTAN Outbound SMS - Other,0.08710
AF,Afghanistan,AFGHANISTAN Outbound SMS - Roshan,0.08710
AG,Antigua and Barbuda,ANTIGUA AND BARBUDA Outbound SMS - APUA,0.04500
AG,Antigua and Barbuda,ANTIGUA AND BARBUDA Outbound SMS - Cable & Wireless,0.04500
AG,Antigua and Barbuda,ANTIGUA AND BARBUDA Outbound SMS - Digicel,0.04500
AG,Antigua and Barbuda,ANTIGUA AND BARBUDA Outbound SMS - LIME,0.04500
AG,Antigua and Barbuda,ANTIGUA AND BARBUDA Outbound SMS - Other,0.04500
AI,Anguilla,ANGUILLA Outbound SMS - Digicel,0.04800
AI,Anguilla,ANGUILLA Outbound SMS - LIME,0.04800
AI,Anguilla,ANGUILLA Outbound SMS - Other,0.04800
AI,Anguilla,ANGUILLA Outbound SMS - Weblinks,0.04800
AL,Albania,ALBANIA Outbound SMS - AMC,0.08667
AL,Albania,ALBANIA Outbound SMS - Eagle Mobile,0.08667
AL,Albania,ALBANIA Outbound SMS - Other,0.08667
AL,Albania,ALBANIA Outbound SMS - Plus Communications,0.08667
AL,Albania,ALBANIA Outbound SMS - Vodafone,0.08667
AM,Armenia,ARMENIA Outbound SMS - Beeline,0.07920
AM,Armenia,ARMENIA Outbound SMS - Karabakh Telecom,0.07920
AM,Armenia,ARMENIA Outbound SMS - Orange,0.07920
AM,Armenia,ARMENIA Outbound SMS - Other,0.07920
AM,Armenia,ARMENIA Outbound SMS - Viva Cell,0.07920
AN,Netherlands Antilles,NETHERLANDS ANTILLES Outbound SMS - Digicel,0.04983
AN,Netherlands Antilles,NETHERLANDS ANTILLES Outbound SMS - Other,0.04983
AN,Netherlands Antilles,NETHERLANDS ANTILLES Outbound SMS - Telcell,0.04983
AN,Netherlands Antilles,NETHERLANDS ANTILLES Outbound SMS - UTS,0.04333
AO,Angola,ANGOLA Outbound SMS - Movicel,0.05000
AO,Angola,ANGOLA Outbound SMS - Other,0.05000
AO,Angola,ANGOLA Outbound SMS - Unitel,0.06067
AR,Argentina,ARGENTINA Outbound SMS - Claro,0.06910
AR,Argentina,ARGENTINA Outbound SMS - NEXTEL,0.06910
AR,Argentina,ARGENTINA Outbound SMS - Other,0.06910
AR,Argentina,ARGENTINA Outbound SMS - Personal,0.06910
AR,Argentina,ARGENTINA Outbound SMS - movistar,0.06910
AS,American Samoa,AMERICAN SAMOA Outbound SMS - Bluesky,0.12000
AT,Austria,AUSTRIA Outbound SMS - 3,0.09317
AT,Austria,AUSTRIA Outbound SMS - A1,0.09317
AT,Austria,AUSTRIA Outbound SMS - Barablu Mobile,0.09317
AT,Austria,AUSTRIA Outbound SMS - Lycamobile,0.09317
AT,Austria,AUSTRIA Outbound SMS - Other,0.09317
AT,Austria,AUSTRIA Outbound SMS - Smartspace,0.09320
AT,Austria,AUSTRIA Outbound SMS - T-Mobile,0.09317
AT,Austria,AUSTRIA Outbound SMS - Tele2,0.09320
AT,Austria,AUSTRIA Outbound SMS - UPC,0.09317
AT,Austria,AUSTRIA Outbound SMS - m:tel,0.09317
AU,Australia,AUSTRALIA Outbound SMS - 3,0.05500
AU,Australia,AUSTRALIA Outbound SMS - Lycamobile,0.05500
AU,Australia,AUSTRALIA Outbound SMS - Optus,0.05500
AU,Australia,AUSTRALIA Outbound SMS - Other,0.05500
AU,Australia,AUSTRALIA Outbound SMS - Pivotel,0.05500
AU,Australia,AUSTRALIA Outbound SMS - Telstra,0.05500
AU,Australia,AUSTRALIA Outbound SMS - Vodafone,0.05500
AW,Aruba,ARUBA Outbound SMS - Digicel,0.04983
AW,Aruba,ARUBA Outbound SMS - Other,0.04983
AW,Aruba,ARUBA Outbound SMS - SETAR,0.04983
AZ,Azerbaijan,AZERBAIJAN Outbound SMS - AzerCell,0.14300
AZ,Azerbaijan,AZERBAIJAN Outbound SMS - BakCell,0.14300
AZ,Azerbaijan,AZERBAIJAN Outbound SMS - Nar Mobile,0.14300
AZ,Azerbaijan,AZERBAIJAN Outbound SMS - Other,0.14300
BA,Bosnia and Herzegovina,BOSNIA AND HERZEGOVINA Outbound SMS - BH Mobile,0.08000
BA,Bosnia and Herzegovina,BOSNIA AND HERZEGOVINA Outbound SMS - ERONET,0.08000
BA,Bosnia and Herzegovina,BOSNIA AND HERZEGOVINA Outbound SMS - Other,0.08000
BA,Bosnia and Herzegovina,BOSNIA AND HERZEGOVINA Outbound SMS - mtel,0.08000
BB,Barbados,BARBADOS Outbound SMS - Digicel,0.04983
BB,Barbados,BARBADOS Outbound SMS - LIME,0.03467
BB,Barbados,BARBADOS Outbound SMS - Other,0.03467
BD,Bangladesh,BANGLADESH Outbound SMS - Airtel,0.07400
BD,Bangladesh,BANGLADESH Outbound SMS - Banglalink,0.07400
BD,Bangladesh,BANGLADESH Outbound SMS - Citycell,0.07400
BD,Bangladesh,BANGLADESH Outbound SMS - Grameenphone,0.07400
BD,Bangladesh,BANGLADESH Outbound SMS - Other,0.07400
BD,Bangladesh,BANGLADESH Outbound SMS - Robi,0.07400
BD,Bangladesh,BANGLADESH Outbound SMS - Teletalk,0.07400
BE,Belgium,BELGIUM Outbound SMS - BASE,0.10000
BE,Belgium,BELGIUM Outbound SMS - JOIN Experience,0.10000
BE,Belgium,BELGIUM Outbound SMS - Lycamobile,0.10000
BE,Belgium,BELGIUM Outbound SMS - Mobistar,0.10000
BE,Belgium,BELGIUM Outbound SMS - Other,0.10000
BE,Belgium,BELGIUM Outbound SMS - Proximus,0.10000
BE,Belgium,BELGIUM Outbound SMS - Telenet Mobile,0.10000
BF,Burkina Faso,BURKINA FASO Outbound SMS - Airtel,0.05000
BF,Burkina Faso,BURKINA FASO Outbound SMS - Onatel,0.03467
BF,Burkina Faso,BURKINA FASO Outbound SMS - Other,0.03467
BF,Burkina Faso,BURKINA FASO Outbound SMS - Telecel Faso,0.03467
BG,Bulgaria,BULGARIA Outbound SMS - M-Tel,0.10617
BG,Bulgaria,BULGARIA Outbound SMS - Other,0.08000
BG,Bulgaria,BULGARIA Outbound SMS - TELENOR,0.13000
BG,Bulgaria,BULGARIA Outbound SMS - VIVACOM,0.08000
BH,Bahrain,BAHRAIN Outbound SMS - BATELCO,0.02167
BH,Bahrain,BAHRAIN Outbound SMS - Other,0.02167
BH,Bahrain,BAHRAIN Outbound SMS - Royal Court,0.12000
BH,Bahrain,BAHRAIN Outbound SMS - VIVA,0.02167
BH,Bahrain,BAHRAIN Outbound SMS - zain,0.02167
BI,Burundi,BURUNDI Outbound SMS - Econet,0.09967
BI,Burundi,BURUNDI Outbound SMS - Leo,0.08100
BI,Burundi,BURUNDI Outbound SMS - ONAMOB,0.08100
BI,Burundi,BURUNDI Outbound SMS - Other,0.08100
BI,Burundi,BURUNDI Outbound SMS - Smart Mobile,0.08100
BI,Burundi,BURUNDI Outbound SMS - Tempo,0.08100
BJ,Benin,BENIN Outbound SMS - Glo,0.06067
BJ,Benin,BENIN Outbound SMS - Libercom,0.02817
BJ,Benin,BENIN Outbound SMS - MTN,0.05417
BJ,Benin,BENIN Outbound SMS - Moov,0.10833
BJ,Benin,BENIN Outbound SMS - Other,0.05417
BM,Bermuda,BERMUDA Outbound SMS - CellONE,0.03467
BM,Bermuda,BERMUDA Outbound SMS - Digicel,0.05100
BM,Bermuda,BERMUDA Outbound SMS - M3 Wireless,0.03000
BM,Bermuda,BERMUDA Outbound SMS - Other,0.05100
BN,Brunei,BRUNEI DARUSSALAM Outbound SMS - B-Mobile,0.01900
BN,Brunei,BRUNEI DARUSSALAM Outbound SMS - DSTCom,0.01900
BN,Brunei,BRUNEI DARUSSALAM Outbound SMS - Other,0.01900
BO,Bolivia,BOLIVIA Outbound SMS - Entel,0.05910
BO,Bolivia,BOLIVIA Outbound SMS - NuevaTel PCS,0.07000
BO,Bolivia,BOLIVIA Outbound SMS - Other,0.05910
BO,Bolivia,BOLIVIA Outbound SMS - Tigo,0.05910
BR,Brazil,BRAZIL Outbound SMS - CTBC,0.05700
BR,Brazil,BRAZIL Outbound SMS - Claro,0.05700
BR,Brazil,BRAZIL Outbound SMS - NEXTEL,0.05700
BR,Brazil,BRAZIL Outbound SMS - Oi,0.05700
BR,Brazil,BRAZIL Outbound SMS - Other,0.05700
BR,Brazil,BRAZIL Outbound SMS - Sercomtel,0.05700
BR,Brazil,BRAZIL Outbound SMS - Surf Telecom,0.05700
BR,Brazil,BRAZIL Outbound SMS - TIM,0.05700
BR,Brazil,BRAZIL Outbound SMS - Vivo,0.05700
BS,Bahamas,BAHAMAS Outbound SMS - BTC,0.05000
BS,Bahamas,BAHAMAS Outbound SMS - NewCo2015,0.05000
BS,Bahamas,BAHAMAS Outbound SMS - Other,0.05000
BT,Bhutan,BHUTAN Outbound SMS - B-Mobile,0.04600
BT,Bhutan,BHUTAN Outbound SMS - Other,0.04600
BT,Bhutan,BHUTAN Outbound SMS - TashiCell,0.04600
BW,Botswana,BOTSWANA Outbound SMS - Be Mobile,0.09500
BW,Botswana,BOTSWANA Outbound SMS - MASCOM,0.09500
BW,Botswana,BOTSWANA Outbound SMS - Orange,0.09500
BW,Botswana,BOTSWANA Outbound SMS - Other,0.09500
BY,Belarus,BELARUS Outbound SMS - MTS,0.05910
BY,Belarus,BELARUS Outbound SMS - Other,0.05910
BY,Belarus,BELARUS Outbound SMS - Velcom,0.05910
BY,Belarus,BELARUS Outbound SMS - life:),0.05910
BZ,Belize,BELIZE Outbound SMS - Digicell,0.01083
BZ,Belize,BELIZE Outbound SMS - Other,0.01200
BZ,Belize,BELIZE Outbound SMS - Smart,0.02800
CA,Canada,CANADA Local Outgoing SMS - Bell & Virgin,0.00750
CA,Canada,CANADA Local Outgoing SMS - Other,0.00750
CA,Canada,CANADA Local Outgoing SMS - Rogers,0.00750
CA,Canada,CANADA Local Outgoing SMS - Telus,0.00750
CD,DR Congo,"CONGO, DEMOCRATIC REPUBLIC OF THE Outbound SMS - Airtel",0.08000
CD,DR Congo,"CONGO, DEMOCRATIC REPUBLIC OF THE Outbound SMS - Orange",0.09000
CD,DR Congo,"CONGO, DEMOCRATIC REPUBLIC OF THE Outbound SMS - Other",0.03467
CD,DR Congo,"CONGO, DEMOCRATIC REPUBLIC OF THE Outbound SMS - Supercell",0.08000
CD,DR Congo,"CONGO, DEMOCRATIC REPUBLIC OF THE Outbound SMS - Tigo",0.05000
CD,DR Congo,"CONGO, DEMOCRATIC REPUBLIC OF THE Outbound SMS - Vodacom",0.03000
CF,Central Africa,CENTRAL AFRICAN REPUBLIC Outbound SMS - Moov,0.01900
CF,Central Africa,CENTRAL AFRICAN REPUBLIC Outbound SMS - Nationlink,0.01900
CF,Central Africa,CENTRAL AFRICAN REPUBLIC Outbound SMS - Orange,0.01900
CF,Central Africa,CENTRAL AFRICAN REPUBLIC Outbound SMS - Other,0.01900
CF,Central Africa,CENTRAL AFRICAN REPUBLIC Outbound SMS - Telecel Centrafrique,0.01900
CG,Congo,"CONGO, REPUBLIC OF Outbound SMS - Zain/Celtel",0.06500
CG,Congo,"CONGO, REPUBLIC OF THE Outbound SMS - Airtel",0.03467
CG,Congo,"CONGO, REPUBLIC OF THE Outbound SMS - MTN",0.06500
CG,Congo,"CONGO, REPUBLIC OF THE Outbound SMS - Other",0.03467
CG,Congo,"CONGO, REPUBLIC OF THE Outbound SMS - Warid",0.05000
CH,Switzerland,SWITZERLAND Outbound SMS - Bebbicell,0.06900
CH,Switzerland,SWITZERLAND Outbound SMS - Lycamobile,0.06900
CH,Switzerland,SWITZERLAND Outbound SMS - Orange,0.06900
CH,Switzerland,SWITZERLAND Outbound SMS - Other,0.06900
CH,Switzerland,SWITZERLAND Outbound SMS - Sunrise,0.06900
CH,Switzerland,SWITZERLAND Outbound SMS - Swisscom,0.06900
CH,Switzerland,SWITZERLAND Outbound SMS - Tele2,0.06900
CH,Switzerland,SWITZERLAND Outbound SMS - UPC Cablecom,0.06900
CH,Switzerland,SWITZERLAND Outbound SMS - in&phone,0.06900
CI,Ivory Coast,IVORY COAST Outbound SMS - GreenN,0.11000
CI,Ivory Coast,IVORY COAST Outbound SMS - Koz,0.08000
CI,Ivory Coast,IVORY COAST Outbound SMS - MTN,0.08000
CI,Ivory Coast,IVORY COAST Outbound SMS - Moov,0.08000
CI,Ivory Coast,IVORY COAST Outbound SMS - Orange,0.15167
CI,Ivory Coast,IVORY COAST Outbound SMS - Other,0.08000
CK,Cook Islands,COOK ISLANDS Outbound SMS - Other,0.02600
CK,Cook Islands,COOK ISLANDS Outbound SMS - Telecom,0.02600
CL,Chile,CHILE Outbound SMS - Claro,0.05800
CL,Chile,CHILE Outbound SMS - Entel,0.05800
CL,Chile,CHILE Outbound SMS - Netline Telefonica Movil Ltda,0.05800
CL,Chile,CHILE Outbound SMS - Nextel,0.05800
CL,Chile,CHILE Outbound SMS - Other,0.05800
CL,Chile,CHILE Outbound SMS - Tribe Mobile,0.05800
CL,Chile,CHILE Outbound SMS - VTR Movil,0.05800
CL,Chile,CHILE Outbound SMS - movistar,0.05800
CM,Cameroon,CAMEROON Outbound SMS - MTN,0.07583
CM,Cameroon,CAMEROON Outbound SMS - Nextel,0.07580
CM,Cameroon,CAMEROON Outbound SMS - Orange,0.14083
CM,Cameroon,CAMEROON Outbound SMS - Other,0.07583
CN,China,CHINA Outbound SMS - China Mobile,0.02800
CN,China,CHINA Outbound SMS - China Telecom,0.02800
CN,China,CHINA Outbound SMS - China Unicom,0.02800
CN,China,CHINA Outbound SMS - Other,0.02800
CO,Colombia,COLOMBIA Outbound SMS - Avantel SAS,0.05000
CO,Colombia,COLOMBIA Outbound SMS - Claro,0.05000
CO,Colombia,COLOMBIA Outbound SMS - Empresa de Telecomunicaciones de Bogota (eTb),0.05000
CO,Colombia,COLOMBIA Outbound SMS - Other,0.05000
CO,Colombia,COLOMBIA Outbound SMS - Tigo,0.05000
CO,Colombia,COLOMBIA Outbound SMS - movistar,0.05000
CR,Costa Rica,COSTA RICA Outbound SMS - Claro,0.04000
CR,Costa Rica,COSTA RICA Outbound SMS - Kolbi,0.04000
CR,Costa Rica,COSTA RICA Outbound SMS - Other,0.04000
CR,Costa Rica,COSTA RICA Outbound SMS - Virtualis,0.04000
CR,Costa Rica,COSTA RICA Outbound SMS - movistar,0.04000
CU,Cuba,CUBA Outbound SMS - Cubacel,0.08000
CU,Cuba,CUBA Outbound SMS - Other,0.08000
CV,Cape Verde,CAPE VERDE Outbound SMS - CV Movel,0.07367
CV,Cape Verde,CAPE VERDE Outbound SMS - Other,0.07367
CV,Cape Verde,CAPE VERDE Outbound SMS - T+,0.07367
CY,Cyprus,CYPRUS Outbound SMS - Cyta Mobile-Vodafone,0.08233
CY,Cyprus,CYPRUS Outbound SMS - Lemontel Mobile,0.08233
CY,Cyprus,CYPRUS Outbound SMS - MTN,0.08233
CY,Cyprus,CYPRUS Outbound SMS - Other,0.08233
CY,Cyprus,CYPRUS Outbound SMS - PrimeTel,0.08233
CZ,Czech Republic,CZECH REPUBLIC Outbound SMS - O2,0.07000
CZ,Czech Republic,CZECH REPUBLIC Outbound SMS - Other,0.04900
CZ,Czech Republic,CZECH REPUBLIC Outbound SMS - T-Mobile,0.04900
CZ,Czech Republic,CZECH REPUBLIC Outbound SMS - U:fon,0.04900
CZ,Czech Republic,CZECH REPUBLIC Outbound SMS - Vodafone,0.04900
DE,Germany,GERMANY Outbound SMS - E-Plus,0.08500
DE,Germany,GERMANY Outbound SMS - O2,0.08500
DE,Germany,GERMANY Outbound SMS - Other,0.08500
DE,Germany,GERMANY Outbound SMS - Sipgate,0.08500
DE,Germany,GERMANY Outbound SMS - Telekom,0.08500
DE,Germany,GERMANY Outbound SMS - Vodafone,0.08500
DJ,Djibouti,DJIBOUTI Outbound SMS - Evatis,0.10000
DJ,Djibouti,DJIBOUTI Outbound SMS - Other,0.10000
DK,Denmark,DENMARK Outbound SMS - 3,0.02750
DK,Denmark,DENMARK Outbound SMS - Lycamobile,0.02750
DK,Denmark,DENMARK Outbound SMS - MACH Connectivity,0.02750
DK,Denmark,DENMARK Outbound SMS - Other,0.02750
DK,Denmark,DENMARK Outbound SMS - TDC,0.02750
DK,Denmark,DENMARK Outbound SMS - Telenor,0.02750
DK,Denmark,DENMARK Outbound SMS - Telia,0.02750
DK,Denmark,DENMARK Outbound SMS - Vectone Mobile (Mundio Mobile),0.02750
DM,Dominica,DOMINICA Outbound SMS - Digicel,0.04983
DM,Dominica,DOMINICA Outbound SMS - LIME,0.04800
DM,Dominica,DOMINICA Outbound SMS - Other,0.04800
DO,Dominican Republic,DOMINICAN REPUBLIC Outbound SMS - Claro,0.05700
DO,Dominican Republic,DOMINICAN REPUBLIC Outbound SMS - Orange,0.05700
DO,Dominican Republic,DOMINICAN REPUBLIC Outbound SMS - Other,0.05700
DO,Dominican Republic,DOMINICAN REPUBLIC Outbound SMS - Tricom,0.05700
DO,Dominican Republic,DOMINICAN REPUBLIC Outbound SMS - Viva,0.05700
DZ,Algeria,ALGERIA Outbound SMS - Djezzy,0.07900
DZ,Algeria,ALGERIA Outbound SMS - Mobilis,0.07900
DZ,Algeria,ALGERIA Outbound SMS - Nedjma,0.07900
DZ,Algeria,ALGERIA Outbound SMS - Other,0.07900
EC,Ecuador,ECUADOR Outbound SMS - Alegro,0.07000
EC,Ecuador,ECUADOR Outbound SMS - Conecel,0.07000
EC,Ecuador,ECUADOR Outbound SMS - Other,0.07000
EC,Ecuador,ECUADOR Outbound SMS - movistar,0.09000
EE,Estonia,ESTONIA Outbound SMS - EMT,0.10400
EE,Estonia,ESTONIA Outbound SMS - Elisa,0.08450
EE,Estonia,ESTONIA Outbound SMS - Other,0.08450
EE,Estonia,ESTONIA Outbound SMS - Tele2,0.08450
EG,Egypt,EGYPT Outbound SMS - Etisalat,0.06800
EG,Egypt,EGYPT Outbound SMS - Mobinil,0.06800
EG,Egypt,EGYPT Outbound SMS - Other,0.06800
EG,Egypt,EGYPT Outbound SMS - Vodafone,0.06800
ER,Eritrea,ERITREA Outbound SMS - Eritel,0.10000
ES,Spain,SPAIN Outbound SMS - BT,0.08330
ES,Spain,SPAIN Outbound SMS - Barablu,0.08830
ES,Spain,SPAIN Outbound SMS - Cableuropa,0.08330
ES,Spain,SPAIN Outbound SMS - DigiMobil,0.08330
ES,Spain,SPAIN Outbound SMS - Euskaltel,0.08330
ES,Spain,SPAIN Outbound SMS - Flamatel,0.08830
ES,Spain,SPAIN Outbound SMS - Jazztel,0.08330
ES,Spain,SPAIN Outbound SMS - Lleida,0.08330
ES,Spain,SPAIN Outbound SMS - Lycamobile,0.08330
ES,Spain,SPAIN Outbound SMS - Mobil R,0.08330
ES,Spain,SPAIN Outbound SMS - Movistar,0.08330
ES,Spain,SPAIN Outbound SMS - Orange,0.08330
ES,Spain,SPAIN Outbound SMS - Other,0.08330
ES,Spain,SPAIN Outbound SMS - Simyo,0.08330
ES,Spain,SPAIN Outbound SMS - Telecable,0.08330
ES,Spain,SPAIN Outbound SMS - Truphone,0.08830
ES,Spain,SPAIN Outbound SMS - Tuenti,0.08330
ES,Spain,SPAIN Outbound SMS - Vodafone,0.08330
ES,Spain,SPAIN Outbound SMS - Yoigo,0.08330
ES,Spain,SPAIN Outbound SMS - fonYou,0.08330
ET,Ethiopia,ETHIOPIA Outbound SMS - ETH-MTN,0.06510
ET,Ethiopia,ETHIOPIA Outbound SMS - Other,0.06510
FI,Finland,ALAND ISLANDS Outbound SMS - Nokia,0.08200
FI,Finland,FINLAND Outbound SMS - Alands Mobiltelefon,0.08200
FI,Finland,FINLAND Outbound SMS - DNA,0.08200
FI,Finland,FINLAND Outbound SMS - Elisa,0.08200
FI,Finland,FINLAND Outbound SMS - Other,0.08200
FI,Finland,FINLAND Outbound SMS - Saunalahti,0.08200
FI,Finland,FINLAND Outbound SMS - Sonera,0.08200
FJ,Fiji,FIJI Outbound SMS - Digicel,0.04900
FJ,Fiji,FIJI Outbound SMS - Other,0.04900
FJ,Fiji,FIJI Outbound SMS - Vodafone,0.10000
FK,Falkland Islands,FALKLAND ISLANDS Outbound SMS - Other,0.07000
FK,Falkland Islands,FALKLAND ISLANDS Outbound SMS - Touch,0.07000
FM,Micronesia,MICRONESIA Outbound SMS - FSM Telecommunication Corporation,0.07000
FO,Faroe Islands,FAROE ISLANDS Outbound SMS - Faroese Telecom,0.01625
FO,Faroe Islands,FAROE ISLANDS Outbound SMS - Other,0.01625
FO,Faroe Islands,FAROE ISLANDS Outbound SMS - Vodafone,0.01625
FR,France,FRANCE Outbound SMS - Bouygues Telecom,0.07600
FR,France,FRANCE Outbound SMS - Completel,0.07600
FR,France,FRANCE Outbound SMS - Free Mobile,0.07600
FR,France,FRANCE Outbound SMS - LEGOS,0.07600
FR,France,FRANCE Outbound SMS - Lycamobile,0.07600
FR,France,FRANCE Outbound SMS - MobiquiThings,0.07600
FR,France,FRANCE Outbound SMS - Mundio Mobile,0.07600
FR,France,FRANCE Outbound SMS - NRJ Mobile,0.07600
FR,France,FRANCE Outbound SMS - Orange,0.07600
FR,France,FRANCE Outbound SMS - Other,0.07600
FR,France,FRANCE Outbound SMS - SFR,0.07600
FR,France,FRANCE Outbound SMS - Transatel,0.07600
FR,France,FRANCE Outbound SMS - Virgin Mobile,0.07600
GA,Gabon,GABON Outbound SMS - Airtel,0.07000
GA,Gabon,GABON Outbound SMS - Azur,0.05417
GA,Gabon,GABON Outbound SMS - Libertis,0.05417
GA,Gabon,GABON Outbound SMS - Moov,0.07000
GA,Gabon,GABON Outbound SMS - Other,0.05417
GB,United Kingdom,UNITED KINGDOM Outbound SMS - 3,0.04000
GB,United Kingdom,UNITED KINGDOM Outbound SMS - Everything Everywhere,0.04000
GB,United Kingdom,UNITED KINGDOM Outbound SMS - Limitless Mobile,0.04000
GB,United Kingdom,UNITED KINGDOM Outbound SMS - Lleida.net,0.04000
GB,United Kingdom,UNITED KINGDOM Outbound SMS - Marathon Telecom,0.04000
GB,United Kingdom,UNITED KINGDOM Outbound SMS - O2,0.04000
GB,United Kingdom,UNITED KINGDOM Outbound SMS - Orange,0.04000
GB,United Kingdom,UNITED KINGDOM Outbound SMS - Other,0.04000
GB,United Kingdom,UNITED KINGDOM Outbound SMS - SSE Energy Supply,0.04000
GB,United Kingdom,UNITED KINGDOM Outbound SMS - Sky UK Limited,0.04000
GB,United Kingdom,UNITED KINGDOM Outbound SMS - T-Mobile,0.04000
GB,United Kingdom,UNITED KINGDOM Outbound SMS - Teleena,0.04000
GB,United Kingdom,UNITED KINGDOM Outbound SMS - Vectofone Mobile,0.04000
GB,United Kingdom,UNITED KINGDOM Outbound SMS - Virgin,0.04000
GB,United Kingdom,UNITED KINGDOM Outbound SMS - Vodafone,0.04000
GD,Grenada,GRENADA Outbound SMS - Digicel,0.05500
GD,Grenada,GRENADA Outbound SMS - LIME,0.05500
GD,Grenada,GRENADA Outbound SMS - Other,0.05500
GE,Georgia,ABKHAZIA Outbound SMS - A-Mobile,0.07000
GE,Georgia,ABKHAZIA Outbound SMS - Aquafon,0.07000
GE,Georgia,GEORGIA Outbound SMS - Beeline,0.07000
GE,Georgia,GEORGIA Outbound SMS - Geocell,0.09000
GE,Georgia,GEORGIA Outbound SMS - Magti GSM,0.09000
GE,Georgia,GEORGIA Outbound SMS - Other,0.07000
GE,Georgia,GEORGIA Outbound SMS - Silknet,0.07000
GF,French Guiana,FRENCH GUIANA Outbound SMS - Digicel,0.14733
GF,French Guiana,FRENCH GUIANA Outbound SMS - Orange Caribe,0.18417
GF,French Guiana,FRENCH GUIANA Outbound SMS - Other,0.14733
GG,Guernsey,GUERNSEY Outbound SMS - Airtel-Vodafone,0.03467
GG,Guernsey,GUERNSEY Outbound SMS - Wave,0.03000
GH,Ghana,GHANA Outbound SMS - Airtel,0.04830
GH,Ghana,GHANA Outbound SMS - Expresso Telecom,0.04830
GH,Ghana,GHANA Outbound SMS - Glo,0.04830
GH,Ghana,GHANA Outbound SMS - MTN,0.04830
GH,Ghana,GHANA Outbound SMS - Other,0.04830
GH,Ghana,GHANA Outbound SMS - Tigo,0.04830
GH,Ghana,GHANA Outbound SMS - Vodafone,0.04830
GI,Gibraltar,GIBRALTAR Outbound SMS - CTS,0.03000
GI,Gibraltar,GIBRALTAR Outbound SMS - Gibtel,0.03000
GI,Gibraltar,GIBRALTAR Outbound SMS - Other,0.03000
GL,Greenland,GREENLAND Outbound SMS - Other,0.01300
GL,Greenland,GREENLAND Outbound SMS - TELE Greenland,0.02900
GM,Gambia,GAMBIA Outbound SMS - Africell,0.01600
GM,Gambia,GAMBIA Outbound SMS - Comium,0.01600
GM,Gambia,GAMBIA Outbound SMS - Gamtel,0.06000
GM,Gambia,GAMBIA Outbound SMS - Other,0.01600
GM,Gambia,GAMBIA Outbound SMS - Qcell,0.01600
GN,Guinea,GUINEA Outbound SMS - Areeba,0.11050
GN,Guinea,GUINEA Outbound SMS - Cellcom,0.07900
GN,Guinea,GUINEA Outbound SMS - Intercel,0.07900
GN,Guinea,GUINEA Outbound SMS - Orange,0.15167
GN,Guinea,GUINEA Outbound SMS - Other,0.07900
GN,Guinea,GUINEA Outbound SMS - Sotelgui,0.05000
GP,Guadeloupe,GUADELOUPE Outbound SMS - Dauphin,0.09200
GP,Guadeloupe,GUADELOUPE Outbound SMS - Telcell,0.09200
GQ,Equatorial Guinea,EQUATORIAL GUINEA Outbound SMS - Hits Africa,0.04300
GQ,Equatorial Guinea,EQUATORIAL GUINEA Outbound SMS - Orange,0.02000
GQ,Equatorial Guinea,EQUATORIAL GUINEA Outbound SMS - Other,0.02000
GR,Greece,GREECE Outbound SMS - Cosmote,0.05900
GR,Greece,GREECE Outbound SMS - CyTa,0.05900
GR,Greece,GREECE Outbound SMS - Other,0.05900
GR,Greece,GREECE Outbound SMS - Vodafone,0.05900
GR,Greece,GREECE Outbound SMS - Wind,0.05900
GT,Guatemala,GUATEMALA Outbound SMS - Claro,0.04983
GT,Guatemala,GUATEMALA Outbound SMS - Other,0.04983
GT,Guatemala,GUATEMALA Outbound SMS - Tigo,0.04983
GT,Guatemala,GUATEMALA Outbound SMS - movistar,0.04983
GU,Guam,GUAM & NORTHERN MARIANA ISLANDS Outbound SMS - Docomo Pacific,0.09000
GU,Guam,GUAM & NORTHERN MARIANA ISLANDS Outbound SMS - IT&E,0.05100
GU,Guam,GUAM & NORTHERN MARIANA ISLANDS Outbound SMS - MPULSE,0.05100
GW,Guinea-Bissau,GUINEA Outbound SMS - Other Unused,0.05633
GW,Guinea-Bissau,GUINEA-BISSAU Outbound SMS - MTN,0.15000
GW,Guinea-Bissau,GUINEA-BISSAU Outbound SMS - Orange,0.15000
GY,Guyana,GUYANA Outbound SMS - Cellink Plus,0.04700
GY,Guyana,GUYANA Outbound SMS - Digicel,0.05000
GY,Guyana,GUYANA Outbound SMS - Other,0.04700
HK,Hong Kong,HONG KONG Outbound SMS - 21Vianet Mobile Ltd,0.05000
HK,Hong Kong,HONG KONG Outbound SMS - 3,0.06000
HK,Hong Kong,HONG KONG Outbound SMS - CHKTL,0.04000
HK,Hong Kong,HONG KONG Outbound SMS - CITIC Telecom,0.04000
HK,Hong Kong,HONG KONG Outbound SMS - CMMobile,0.08000
HK,Hong Kong,HONG KONG Outbound SMS - CSL,0.06283
HK,Hong Kong,HONG KONG Outbound SMS - China Mobile Hong Kong,0.04000
HK,Hong Kong,HONG KONG Outbound SMS - Other,0.04000
HK,Hong Kong,HONG KONG Outbound SMS - PCCW Mobile,0.04000
HK,Hong Kong,HONG KONG Outbound SMS - SmarTone,0.04983
HK,Hong Kong,HONG KONG Outbound SMS - Trident Telecom Ventures Ltd,0.04000
HN,Honduras,HONDURAS Outbound SMS - Claro,0.05020
HN,Honduras,HONDURAS Outbound SMS - Digicel,0.05020
HN,Honduras,HONDURAS Outbound SMS - Hondutel,0.05020
HN,Honduras,HONDURAS Outbound SMS - Other,0.05020
HN,Honduras,HONDURAS Outbound SMS - Tigo,0.05020
HR,Croatia,CROATIA Outbound SMS - Other,0.04940
HR,Croatia,CROATIA Outbound SMS - T-Mobile,0.04940
HR,Croatia,CROATIA Outbound SMS - Tele2,0.04940
HR,Croatia,CROATIA Outbound SMS - Vip,0.04940
HT,Haiti,HAITI Outbound SMS - Comcel/Voila,0.04500
HT,Haiti,HAITI Outbound SMS - Digicel,0.04983
HT,Haiti,HAITI Outbound SMS - Natcom,0.04500
HT,Haiti,HAITI Outbound SMS - Other,0.04500
HU,Hungary,HUNGARY Outbound SMS - Other,0.07000
HU,Hungary,HUNGARY Outbound SMS - T-Mobile,0.09100
HU,Hungary,HUNGARY Outbound SMS - Telenor,0.07000
HU,Hungary,HUNGARY Outbound SMS - UPC Hungary,0.09000
HU,Hungary,HUNGARY Outbound SMS - Vodafone,0.09000
ID,Indonesia,INDONESIA Outbound SMS - 3,0.05000
ID,Indonesia,INDONESIA Outbound SMS - Axis,0.02880
ID,Indonesia,INDONESIA Outbound SMS - Bakrie Telecom,0.02880
ID,Indonesia,INDONESIA Outbound SMS - Ceria Mobile,0.02880
ID,Indonesia,INDONESIA Outbound SMS - Indosat,0.02880
ID,Indonesia,INDONESIA Outbound SMS - Other,0.02880
ID,Indonesia,INDONESIA Outbound SMS - Smartfren,0.02880
ID,Indonesia,INDONESIA Outbound SMS - Telkom,0.02880
ID,Indonesia,INDONESIA Outbound SMS - Telkomsel,0.05000
ID,Indonesia,INDONESIA Outbound SMS - XL Axiata,0.02880
IE,Ireland,IRELAND Outbound SMS - 3,0.07000
IE,Ireland,IRELAND Outbound SMS - Carphone Warehouse,0.07000
IE,Ireland,IRELAND Outbound SMS - LIffey Telecom,0.07000
IE,Ireland,IRELAND Outbound SMS - Meteor,0.07000
IE,Ireland,IRELAND Outbound SMS - O2,0.07000
IE,Ireland,IRELAND Outbound SMS - Other,0.07000
IE,Ireland,IRELAND Outbound SMS - UPC Mobile,0.07000
IE,Ireland,IRELAND Outbound SMS - Vodafone,0.07000
IL,Israel,ISRAEL Outbound SMS - Azi Communications,0.02300
IL,Israel,ISRAEL Outbound SMS - Beezz,0.02300
IL,Israel,ISRAEL Outbound SMS - Cellcom,0.02300
IL,Israel,ISRAEL Outbound SMS - Golan Telecom,0.02300
IL,Israel,ISRAEL Outbound SMS - Hot Mobile,0.02300
IL,Israel,ISRAEL Outbound SMS - Orange,0.02300
IL,Israel,ISRAEL Outbound SMS - Other,0.02300
IL,Israel,ISRAEL Outbound SMS - Pelephone,0.02300
IN,India,INDIA Outbound SMS - Aircel,0.01000
IN,India,INDIA Outbound SMS - Airtel,0.01000
IN,India,INDIA Outbound SMS - BSNL,0.01000
IN,India,INDIA Outbound SMS - Etisalat DB Telecom,0.01000
IN,India,INDIA Outbound SMS - Idea Cellular,0.01000
IN,India,INDIA Outbound SMS - Loop Mobile,0.01000
IN,India,INDIA Outbound SMS - MTNL,0.01000
IN,India,INDIA Outbound SMS - MTS,0.01000
IN,India,INDIA Outbound SMS - Other,0.01000
IN,India,INDIA Outbound SMS - Ping Mobile,0.01000
IN,India,INDIA Outbound SMS - Reliance,0.01000
IN,India,INDIA Outbound SMS - S Tel,0.01000
IN,India,INDIA Outbound SMS - Tata DoCoMo,0.01000
IN,India,INDIA Outbound SMS - Tata indicom,0.01000
IN,India,INDIA Outbound SMS - Uninor,0.01000
IN,India,INDIA Outbound SMS - Videocon,0.01000
IN,India,INDIA Outbound SMS - Vodafone India,0.01000
IQ,Iraq,IRAQ Outbound SMS - Asia Cell,0.08667
IQ,Iraq,IRAQ Outbound SMS - High Link,0.05000
IQ,Iraq,IRAQ Outbound SMS - IraqCell,0.07000
IQ,Iraq,IRAQ Outbound SMS - Itisaluna,0.07000
IQ,Iraq,IRAQ Outbound SMS - Korek,0.07000
IQ,Iraq,IRAQ Outbound SMS - Mobitel,0.10833
IQ,Iraq,IRAQ Outbound SMS - Other,0.07000
IQ,Iraq,IRAQ Outbound SMS - Zain,0.07000
IQ,Iraq,SAUDI ARABIA Outbound SMS - Sader Al-Iraq,0.03100
IR,Iran,IRAN Outbound SMS - MCI,0.04693
IR,Iran,IRAN Outbound SMS - MTCE,0.04117
IR,Iran,IRAN Outbound SMS - MTN Irancell,0.03600
IR,Iran,IRAN Outbound SMS - Other,0.03600
IR,Iran,IRAN Outbound SMS - Rightel,0.04333
IR,Iran,IRAN Outbound SMS - TKC,0.03600
IR,Iran,IRAN Outbound SMS - Taliya,0.04333
IS,Iceland,ICELAND Outbound SMS - IceCell,0.02817
IS,Iceland,ICELAND Outbound SMS - Nova,0.02700
IS,Iceland,ICELAND Outbound SMS - On-waves,0.02800
IS,Iceland,ICELAND Outbound SMS - Other,0.02700
IS,Iceland,ICELAND Outbound SMS - Siminn,0.02700
IS,Iceland,ICELAND Outbound SMS - Viking Wireless,0.02700
IS,Iceland,ICELAND Outbound SMS - Vodafone,0.02700
IT,Italy,ITALY Outbound SMS - British Telecom Italia,0.08830
IT,Italy,ITALY Outbound SMS - Digi Mobil,0.08830
IT,Italy,ITALY Outbound SMS - Elsacom,0.08830
IT,Italy,ITALY Outbound SMS - Hi3G,0.08830
IT,Italy,ITALY Outbound SMS - Iliad,0.08830
IT,Italy,ITALY Outbound SMS - Intermatica,0.08830
IT,Italy,ITALY Outbound SMS - Lycamobile,0.08830
IT,Italy,ITALY Outbound SMS - Noverca,0.08830
IT,Italy,ITALY Outbound SMS - Other,0.08830
IT,Italy,ITALY Outbound SMS - Rete Ferroviaria Italiana,0.08830
IT,Italy,ITALY Outbound SMS - TIM,0.08830
IT,Italy,ITALY Outbound SMS - VEI s.r.l.,0.08830
IT,Italy,ITALY Outbound SMS - Vodafone,0.08830
IT,Italy,ITALY Outbound SMS - Wind,0.08830
JE,Jersey,JERSEY Outbound SMS - Sure Mobile,0.03900
JM,Jamaica,JAMAICA Outbound SMS - Digicel,0.05110
JM,Jamaica,JAMAICA Outbound SMS - LIME,0.05110
JM,Jamaica,JAMAICA Outbound SMS - Other,0.05110
JO,Jordan,JORDAN Outbound SMS - Orange,0.09000
JO,Jordan,JORDAN Outbound SMS - Other,0.09000
JO,Jordan,JORDAN Outbound SMS - Umniah,0.09000
JO,Jordan,JORDAN Outbound SMS - Xpress,0.09000
JO,Jordan,JORDAN Outbound SMS - Zain,0.09000
JP,Japan,JAPAN Outbound SMS - EMOBILE,0.08000
JP,Japan,JAPAN Outbound SMS - KDDI,0.08000
JP,Japan,JAPAN Outbound SMS - NTT docomo,0.08000
JP,Japan,JAPAN Outbound SMS - Other,0.08000
JP,Japan,JAPAN Outbound SMS - SoftBank Mobile,0.08000
KE,Kenya,KENYA Outbound SMS - Airtel,0.06500
KE,Kenya,KENYA Outbound SMS - Orange,0.04983
KE,Kenya,KENYA Outbound SMS - Other,0.04983
KE,Kenya,KENYA Outbound SMS - Safaricom,0.06500
KE,Kenya,KENYA Outbound SMS - yu Mobile,0.04983
KG,Kyrgyzstan,KYRGYZSTAN Outbound SMS - Beeline,0.04000
KG,Kyrgyzstan,KYRGYZSTAN Outbound SMS - MegaCom,0.08000
KG,Kyrgyzstan,KYRGYZSTAN Outbound SMS - O!,0.06000
KG,Kyrgyzstan,KYRGYZSTAN Outbound SMS - Other,0.04000
KH,Cambodia,CAMBODIA Outbound SMS - Beeline,0.04400
KH,Cambodia,CAMBODIA Outbound SMS - Cootel,0.05100
KH,Cambodia,CAMBODIA Outbound SMS - Hello,0.07000
KH,Cambodia,CAMBODIA Outbound SMS - Metfone,0.06000
KH,Cambodia,CAMBODIA Outbound SMS - Mfone,0.04400
KH,Cambodia,CAMBODIA Outbound SMS - MobiTel,0.04400
KH,Cambodia,CAMBODIA Outbound SMS - Other,0.04400
KH,Cambodia,CAMBODIA Outbound SMS - Seatel,0.11000
KH,Cambodia,CAMBODIA Outbound SMS - Smart Mobile,0.07000
KH,Cambodia,CAMBODIA Outbound SMS - Star Cell,0.04400
KH,Cambodia,CAMBODIA Outbound SMS - qb,0.04400
KI,Kiribati,KIRIBATI Outbound SMS - Frigate Net,0.08000
KI,Kiribati,KIRIBATI Outbound SMS - TSKL,0.08000
KM,Comoros,COMOROS Outbound SMS - HURI,0.03000
KM,Comoros,COMOROS Outbound SMS - Other,0.03000
KN,St Kitts and Nevis,ST KITTS AND NEVIS Outbound SMS - UTS,0.09000
KN,St Kitts and Nevis,ST. KITTS & NEVIS Outbound SMS - Digicel,0.05500
KN,St Kitts and Nevis,ST. KITTS & NEVIS Outbound SMS - LIME,0.05500
KN,St Kitts and Nevis,ST. KITTS & NEVIS Outbound SMS - Other,0.05500
KR,Korea Republic of,SOUTH KOREA Outbound SMS - KT,0.04700
KR,Korea Republic of,SOUTH KOREA Outbound SMS - Korea Cable Telecom,0.04700
KR,Korea Republic of,SOUTH KOREA Outbound SMS - LG U+,0.04700
KR,Korea Republic of,SOUTH KOREA Outbound SMS - Other,0.04700
KR,Korea Republic of,SOUTH KOREA Outbound SMS - SK Telecom,0.04700
KR,Korea Republic of,SOUTH KOREA Outbound SMS - olleh KT,0.04700
KW,Kuwait,KUWAIT Outbound SMS - Other,0.05000
KW,Kuwait,KUWAIT Outbound SMS - VIVA,0.05000
KW,Kuwait,KUWAIT Outbound SMS - Wataniya,0.05000
KW,Kuwait,KUWAIT Outbound SMS - Zain,0.05000
KY,Cayman Islands,CAYMAN ISLANDS Outbound SMS - Digicel,0.04983
KY,Cayman Islands,CAYMAN ISLANDS Outbound SMS - LIME,0.04900
KY,Cayman Islands,CAYMAN ISLANDS Outbound SMS - Other,0.04900
KZ,Kazakhstan,KAZAKHSTAN Outbound SMS - Beeline,0.10000
KZ,Kazakhstan,KAZAKHSTAN Outbound SMS - Dalacom,0.08000
KZ,Kazakhstan,KAZAKHSTAN Outbound SMS - K-Cell,0.08667
KZ,Kazakhstan,KAZAKHSTAN Outbound SMS - Kazakhtelecom,0.08000
KZ,Kazakhstan,KAZAKHSTAN Outbound SMS - Other,0.05000
KZ,Kazakhstan,KAZAKHSTAN Outbound SMS - Tele2,0.05000
LA,Laos PDR,LAOS Outbound SMS - Beeline,0.04000
LA,Laos PDR,LAOS Outbound SMS - LaoTelecom,0.05000
LA,Laos PDR,LAOS Outbound SMS - Other,0.03700
LA,Laos PDR,LAOS Outbound SMS - Unitel,0.04000
LA,Laos PDR,LAOS PDR Outbound SMS - ETL,0.08000
LB,Lebanon,LEBANON Outbound SMS - Alfa,0.04600
LB,Lebanon,LEBANON Outbound SMS - Other,0.04600
LB,Lebanon,LEBANON Outbound SMS - mtc touch,0.04600
LC,St Lucia,ST. LUCIA Outbound SMS - Digicel,0.05100
LC,St Lucia,ST. LUCIA Outbound SMS - LIME,0.05100
LC,St Lucia,ST. LUCIA Outbound SMS - Other,0.05100
LI,Liechtenstein,LIECHTENSTEIN Outbound SMS - Alpmobil,0.03033
LI,Liechtenstein,LIECHTENSTEIN Outbound SMS - FL1,0.03033
LI,Liechtenstein,LIECHTENSTEIN Outbound SMS - Orange,0.03033
LI,Liechtenstein,LIECHTENSTEIN Outbound SMS - Other,0.03033
LI,Liechtenstein,LIECHTENSTEIN Outbound SMS - Swisscom,0.03033
LK,Sri Lanka,SRI LANKA Outbound SMS - Airtel,0.06000
LK,Sri Lanka,SRI LANKA Outbound SMS - Dialog,0.06000
LK,Sri Lanka,SRI LANKA Outbound SMS - Etisalat,0.06000
LK,Sri Lanka,SRI LANKA Outbound SMS - Hutch,0.06000
LK,Sri Lanka,SRI LANKA Outbound SMS - Mobitel,0.06000
LK,Sri Lanka,SRI LANKA Outbound SMS - Other,0.06000
LR,Liberia,LIBERIA Outbound SMS - Cellcom,0.07000
LR,Liberia,LIBERIA Outbound SMS - Comium,0.07000
LR,Liberia,LIBERIA Outbound SMS - Libercel,0.07000
LR,Liberia,LIBERIA Outbound SMS - Lonestar,0.07000
LR,Liberia,LIBERIA Outbound SMS - Other,0.07000
LS,Lesotho,LESOTHO Outbound SMS - Econet Ezi-Cel,0.08200
LS,Lesotho,LESOTHO Outbound SMS - Other,0.09750
LS,Lesotho,LESOTHO Outbound SMS - Vodacom,0.08200
LT,Lithuania,LITHUANIA Outbound SMS - BITE,0.04100
LT,Lithuania,LITHUANIA Outbound SMS - Omnitel,0.04100
LT,Lithuania,LITHUANIA Outbound SMS - Other,0.04100
LT,Lithuania,LITHUANIA Outbound SMS - Tele 2,0.04100
LU,Luxembourg,LUXEMBOURG Outbound SMS - LuxGSM,0.05800
LU,Luxembourg,LUXEMBOURG Outbound SMS - Orange,0.05800
LU,Luxembourg,LUXEMBOURG Outbound SMS - Other,0.05800
LU,Luxembourg,LUXEMBOURG Outbound SMS - Tango,0.05800
LV,Latvia,LATVIA Outbound SMS - Bite,0.06500
LV,Latvia,LATVIA Outbound SMS - IZZI,0.06500
LV,Latvia,LATVIA Outbound SMS - LMT,0.06500
LV,Latvia,LATVIA Outbound SMS - Other,0.06500
LV,Latvia,LATVIA Outbound SMS - TRIATEL,0.08233
LV,Latvia,LATVIA Outbound SMS - Tele2,0.07150
LY,Libya,LIBYA Outbound SMS - Al Madar,0.06000
LY,Libya,LIBYA Outbound SMS - Libyana,0.09100
LY,Libya,LIBYA Outbound SMS - Other,0.06000
MA,Morocco,MOROCCO Outbound SMS - IAM,0.07200
MA,Morocco,MOROCCO Outbound SMS - Inwi,0.07200
MA,Morocco,MOROCCO Outbound SMS - Medi Telecom,0.07200
MA,Morocco,MOROCCO Outbound SMS - Other,0.07200
MA,Morocco,MOROCCO Outbound SMS - Wana,0.07800
MC,Monaco,MONACO Outbound SMS - Monaco Telecom,0.15167
MC,Monaco,MONACO Outbound SMS - Other,0.15167
MD,Moldova,MOLDOVA Outbound SMS - Moldcell,0.06000
MD,Moldova,MOLDOVA Outbound SMS - Moldtelecom,0.06000
MD,Moldova,MOLDOVA Outbound SMS - Orange,0.06000
MD,Moldova,MOLDOVA Outbound SMS - Other,0.06000
ME,Montenegro,MONTENEGRO Outbound SMS - Other,0.02300
ME,Montenegro,MONTENEGRO Outbound SMS - T-Mobile,0.04300
ME,Montenegro,MONTENEGRO Outbound SMS - Telenor,0.02300
ME,Montenegro,MONTENEGRO Outbound SMS - m:tel,0.04300
MG,Madagascar,MADAGASCAR Outbound SMS - Airtel,0.09000
MG,Madagascar,MADAGASCAR Outbound SMS - Orange,0.04500
MG,Madagascar,MADAGASCAR Outbound SMS - Other,0.04500
MG,Madagascar,MADAGASCAR Outbound SMS - Telma Mobile,0.04500
MH,Marshall Islands,MARSHALL ISLANDS Outbound SMS - NTA,0.12000
MK,Macedonia,MACEDONIA Outbound SMS - Lycamobile,0.08667
MK,Macedonia,MACEDONIA Outbound SMS - ONE,0.05900
MK,Macedonia,MACEDONIA Outbound SMS - Other,0.05900
MK,Macedonia,MACEDONIA Outbound SMS - T-Mobile,0.05900
MK,Macedonia,MACEDONIA Outbound SMS - vip,0.08667
ML,Mali,MALI Outbound SMS - Malitel,0.10000
ML,Mali,MALI Outbound SMS - Orange,0.10000
ML,Mali,MALI Outbound SMS - Other,0.08600
MM,Myanmar,MYANMAR Outbound SMS - MPT,0.08000
MM,Myanmar,MYANMAR Outbound SMS - Ooredoo,0.10833
MM,Myanmar,MYANMAR Outbound SMS - Other,0.08000
MM,Myanmar,MYANMAR Outbound SMS - Telenor,0.10833
MN,Mongolia,MONGOLIA Outbound SMS - G Mobile,0.05500
MN,Mongolia,MONGOLIA Outbound SMS - Mobicom,0.05500
MN,Mongolia,MONGOLIA Outbound SMS - Other,0.04000
MN,Mongolia,MONGOLIA Outbound SMS - Skytel,0.05500
MN,Mongolia,MONGOLIA Outbound SMS - Unitel,0.05500
MO,Macau,MACAU Outbound SMS - 3,0.03100
MO,Macau,MACAU Outbound SMS - CTM,0.03100
MO,Macau,MACAU Outbound SMS - Other,0.03100
MO,Macau,MACAU Outbound SMS - SmarTone,0.03100
MQ,Martinique,MARTINIQUE Outbound SMS - Digicel,0.07000
MQ,Martinique,MARTINIQUE Outbound SMS - Orange,0.16250
MQ,Martinique,MARTINIQUE Outbound SMS - Other,0.07000
MQ,Martinique,MARTINIQUE Outbound SMS - Outremer,0.10000
MR,Mauritania,MAURITANIA Outbound SMS - Chinguitel,0.09000
MR,Mauritania,MAURITANIA Outbound SMS - MATTEL,0.09000
MR,Mauritania,MAURITANIA Outbound SMS - Mauritel,0.09000
MR,Mauritania,MAURITANIA Outbound SMS - Other,0.09000
MS,Montserrat,MONTSERRAT Outbound SMS - LIME,0.04800
MS,Montserrat,MONTSERRAT Outbound SMS - Other,0.04800
MT,Malta,MALTA Outbound SMS - GO,0.03000
MT,Malta,MALTA Outbound SMS - Melita,0.03000
MT,Malta,MALTA Outbound SMS - Other,0.03000
MT,Malta,MALTA Outbound SMS - Vodafone,0.03000
MU,Mauritius,MAURITIUS Outbound SMS - CHiLi,0.08000
MU,Mauritius,MAURITIUS Outbound SMS - Emtel,0.02800
MU,Mauritius,MAURITIUS Outbound SMS - Orange,0.02800
MU,Mauritius,MAURITIUS Outbound SMS - Other,0.02800
MV,Maldives,MALDIVES Outbound SMS - Dhiraagu,0.01300
MV,Maldives,MALDIVES Outbound SMS - Other,0.01300
MV,Maldives,MALDIVES Outbound SMS - Wataniya,0.02000
MW,Malawi,MALAWI Outbound SMS - Airtel,0.06000
MW,Malawi,MALAWI Outbound SMS - Other,0.06000
MW,Malawi,MALAWI Outbound SMS - TNM,0.06000
MX,Mexico,MEXICO Outbound SMS - AT&T ,0.04900
MX,Mexico,MEXICO Outbound SMS - Other,0.04900
MX,Mexico,MEXICO Outbound SMS - Telcel,0.04900
MX,Mexico,MEXICO Outbound SMS - movistar,0.04900
MY,Malaysia,MALAYSIA Outbound SMS - Baraka Telecom,0.04030
MY,Malaysia,MALAYSIA Outbound SMS - Celcom,0.04030
MY,Malaysia,MALAYSIA Outbound SMS - DiGi,0.04030
MY,Malaysia,MALAYSIA Outbound SMS - Maxis,0.04030
MY,Malaysia,MALAYSIA Outbound SMS - Other,0.04030
MY,Malaysia,MALAYSIA Outbound SMS - Packet One,0.04030
MY,Malaysia,MALAYSIA Outbound SMS - Samata Communications,0.04030
MY,Malaysia,MALAYSIA Outbound SMS - Telekom Malaysia,0.04030
MY,Malaysia,MALAYSIA Outbound SMS - Tron,0.04030
MY,Malaysia,MALAYSIA Outbound SMS - Tune Talk,0.04030
MY,Malaysia,MALAYSIA Outbound SMS - U Mobile,0.04030
MY,Malaysia,MALAYSIA Outbound SMS - Yes 4G,0.04030
MZ,Mozambique,MOZAMBIQUE Outbound SMS - Movitel,0.04000
MZ,Mozambique,MOZAMBIQUE Outbound SMS - Other,0.03000
MZ,Mozambique,MOZAMBIQUE Outbound SMS - Vodacom,0.04000
MZ,Mozambique,MOZAMBIQUE Outbound SMS - mCel,0.03000
NA,Namibia,NAMIBIA Outbound SMS - MTC,0.06067
NA,Namibia,NAMIBIA Outbound SMS - Other,0.04000
NA,Namibia,NAMIBIA Outbound SMS - Telecom Namibia,0.04000
NA,Namibia,NAMIBIA Outbound SMS - leo,0.04000
NC,New Caledonia,NEW CALEDONIA Outbound SMS - Mobilis,0.14000
NC,New Caledonia,NEW CALEDONIA Outbound SMS - Other,0.14000
NE,Niger,NIGER Outbound SMS - Airtel,0.06000
NE,Niger,NIGER Outbound SMS - Moov,0.03467
NE,Niger,NIGER Outbound SMS - Orange,0.14000
NE,Niger,NIGER Outbound SMS - Other,0.03467
NF,Norfolk Island,NORFOLK ISLAND Outbound SMS - Norfolk Telecom,0.02817
NG,Nigeria,NIGERIA Outbound SMS - Airtel,0.06000
NG,Nigeria,NIGERIA Outbound SMS - Capcom,0.02200
NG,Nigeria,NIGERIA Outbound SMS - Etisalat,0.02200
NG,Nigeria,NIGERIA Outbound SMS - Glo Mobile,0.02200
NG,Nigeria,NIGERIA Outbound SMS - MTN,0.02200
NG,Nigeria,NIGERIA Outbound SMS - Nitel,0.02200
NG,Nigeria,NIGERIA Outbound SMS - Other,0.02200
NG,Nigeria,NIGERIA Outbound SMS - Starcomms,0.10833
NG,Nigeria,NIGERIA Outbound SMS - Visafone,0.02200
NI,Nicaragua,NICARAGUA Outbound SMS - Claro,0.05900
NI,Nicaragua,NICARAGUA Outbound SMS - Other,0.05900
NI,Nicaragua,NICARAGUA Outbound SMS - movistar,0.05900
NL,Netherlands,NETHERLANDS Outbound SMS - AT&T,0.09200
NL,Netherlands,NETHERLANDS Outbound SMS - KPN,0.09200
NL,Netherlands,NETHERLANDS Outbound SMS - Lancelot,0.09200
NL,Netherlands,NETHERLANDS Outbound SMS - Lycamobile,0.09200
NL,Netherlands,NETHERLANDS Outbound SMS - Other,0.09200
NL,Netherlands,NETHERLANDS Outbound SMS - Private Mobility,0.09200
NL,Netherlands,NETHERLANDS Outbound SMS - T-Mobile,0.09200
NL,Netherlands,NETHERLANDS Outbound SMS - TELE2 Mobiel,0.09200
NL,Netherlands,NETHERLANDS Outbound SMS - Teleena,0.09200
NL,Netherlands,NETHERLANDS Outbound SMS - Telfort,0.09200
NL,Netherlands,NETHERLANDS Outbound SMS - UPC Nederland,0.09200
NL,Netherlands,NETHERLANDS Outbound SMS - Vodafone,0.09200
NL,Netherlands,NETHERLANDS Outbound SMS - Voiceworks,0.09200
NL,Netherlands,NETHERLANDS Outbound SMS - Ziggo,0.10000
NO,Norway,NORWAY Outbound SMS - Com4,0.06200
NO,Norway,NORWAY Outbound SMS - Jernbaneverket,0.06200
NO,Norway,NORWAY Outbound SMS - NetCom,0.06200
NO,Norway,NORWAY Outbound SMS - Network Norway,0.06200
NO,Norway,NORWAY Outbound SMS - Other,0.06200
NO,Norway,NORWAY Outbound SMS - TDC,0.06200
NO,Norway,NORWAY Outbound SMS - Tele2,0.06200
NO,Norway,NORWAY Outbound SMS - Telenor,0.06200
NO,Norway,NORWAY Outbound SMS - Teletopia,0.06200
NO,Norway,NORWAY Outbound SMS - ice.net,0.06200
NO,Norway,NORWAY Outbound SMS - ventelo,0.06200
NP,Nepal,NEPAL Outbound SMS - Ncell,0.08600
NP,Nepal,NEPAL Outbound SMS - Nepal Telecom,0.07000
NP,Nepal,NEPAL Outbound SMS - Other,0.07000
NP,Nepal,NEPAL Outbound SMS - Smart Cell,0.07000
NU,Niue,NIUE Outbound SMS - Telecom Niue,0.01000
NZ,New Zealand,NEW ZEALAND Outbound SMS - 2degrees,0.10000
NZ,New Zealand,NEW ZEALAND Outbound SMS - Other,0.10000
NZ,New Zealand,NEW ZEALAND Outbound SMS - Telecom,0.10000
NZ,New Zealand,NEW ZEALAND Outbound SMS - TelstraClear,0.10617
NZ,New Zealand,NEW ZEALAND Outbound SMS - Vodafone,0.10000
NZ,New Zealand,NEW ZEALAND Outbound SMS - Woosh,0.10000
OM,Oman,OMAN Outbound SMS - Nawras,0.05000
OM,Oman,OMAN Outbound SMS - Oman Mobile,0.07800
OM,Oman,OMAN Outbound SMS - Other,0.05000
PA,Panama,PANAMA Outbound SMS - Claro,0.05900
PA,Panama,PANAMA Outbound SMS - Digicel,0.05900
PA,Panama,PANAMA Outbound SMS - Mas Movil,0.05900
PA,Panama,PANAMA Outbound SMS - Other,0.05900
PA,Panama,PANAMA Outbound SMS - movistar,0.05900
PE,Peru,PERU Outbound SMS - Claro,0.04400
PE,Peru,PERU Outbound SMS - Entel,0.04400
PE,Peru,PERU Outbound SMS - Other,0.04400
PE,Peru,PERU Outbound SMS - movistar,0.04400
PE,Peru,Peru Outbound SMS - Viettel,0.04400
PF,French Polynesia,FRENCH POLYNESIA Outbound SMS - Other,0.17117
PF,French Polynesia,FRENCH POLYNESIA Outbound SMS - Pacfic Mobile Telecom,0.17117
PF,French Polynesia,FRENCH POLYNESIA Outbound SMS - VINI,0.17117
PG,Papua New Guinea,PAPUA NEW GUINEA Outbound SMS - Digicel,0.04983
PG,Papua New Guinea,PAPUA NEW GUINEA Outbound SMS - Other,0.04000
PG,Papua New Guinea,PAPUA NEW GUINEA Outbound SMS - bmobile,0.04000
PH,Philippines,PHILIPPINES Outbound SMS - Globe Telecom,0.04000
PH,Philippines,PHILIPPINES Outbound SMS - Nextel,0.04300
PH,Philippines,PHILIPPINES Outbound SMS - Other,0.04000
PH,Philippines,PHILIPPINES Outbound SMS - Red Mobile,0.04300
PH,Philippines,PHILIPPINES Outbound SMS - Smart Communications,0.04000
PH,Philippines,PHILIPPINES Outbound SMS - Sun Cellular,0.04000
PK,Pakistan,PAKISTAN Outbound SMS - Mobilink,0.05000
PK,Pakistan,PAKISTAN Outbound SMS - Other,0.02500
PK,Pakistan,PAKISTAN Outbound SMS - Telenor,0.04000
PK,Pakistan,PAKISTAN Outbound SMS - Ufone,0.02500
PK,Pakistan,PAKISTAN Outbound SMS - Warid,0.02500
PK,Pakistan,PAKISTAN Outbound SMS - ZONG,0.02500
PL,Poland,POLAND Outbound SMS - Cyfrowy Polsat,0.04100
PL,Poland,POLAND Outbound SMS - Lycamobile,0.04100
PL,Poland,POLAND Outbound SMS - Netia,0.04100
PL,Poland,POLAND Outbound SMS - Orange,0.04100
PL,Poland,POLAND Outbound SMS - Other,0.04100
PL,Poland,POLAND Outbound SMS - Play,0.04100
PL,Poland,POLAND Outbound SMS - Plus,0.04100
PL,Poland,POLAND Outbound SMS - T-Mobile,0.04100
PL,Poland,POLAND Outbound SMS - wRodzinie,0.04100
PM,St Pierre and Miquelon,ST PIERRE AND MIQUELON Outbound SMS - Ameris,0.12000
PR,Puerto Rico,PUERTO RICO Outbound SMS - Other,0.04000
PR,Puerto Rico,PUERTO RICO Outbound SMS - PR Wireless,0.04000
PS,Palestinian Territory,PALESTINE Outbound SMS - Jawwal,0.07000
PS,Palestinian Territory,PALESTINE Outbound SMS - Wataniya,0.07000
PT,Portugal,PORTUGAL Outbound SMS - Lycamobile,0.04500
PT,Portugal,PORTUGAL Outbound SMS - Mundio Mobile,0.04500
PT,Portugal,PORTUGAL Outbound SMS - Optimus,0.04500
PT,Portugal,PORTUGAL Outbound SMS - Other,0.04500
PT,Portugal,PORTUGAL Outbound SMS - TMN,0.04500
PT,Portugal,PORTUGAL Outbound SMS - Vodafone,0.04500
PW,Palau,PALAU Outbound SMS - Palau National Communications Corporation (,0.07000
PY,Paraguay,PARAGUAY Outbound SMS - Claro,0.01600
PY,Paraguay,PARAGUAY Outbound SMS - Other,0.01083
PY,Paraguay,PARAGUAY Outbound SMS - Personal,0.03000
PY,Paraguay,PARAGUAY Outbound SMS - Tigo,0.01600
PY,Paraguay,PARAGUAY Outbound SMS - VOX,0.01600
QA,Qatar,QATAR Outbound SMS - Other,0.06100
QA,Qatar,QATAR Outbound SMS - Q-Tel,0.06100
QA,Qatar,QATAR Outbound SMS - Vodafone,0.06100
RE,Reunion/Mayotte,REUNION Outbound SMS - Orange,0.13433
RE,Reunion/Mayotte,REUNION Outbound SMS - Other,0.13433
RE,Reunion/Mayotte,REUNION Outbound SMS - Outremer,0.16000
RE,Reunion/Mayotte,REUNION Outbound SMS - SFR,0.22100
RO,Romania,ROMANIA Outbound SMS - Cosmote,0.07367
RO,Romania,ROMANIA Outbound SMS - Digi.Mobil,0.06800
RO,Romania,ROMANIA Outbound SMS - Orange,0.07367
RO,Romania,ROMANIA Outbound SMS - Other,0.06800
RO,Romania,ROMANIA Outbound SMS - Romtelecom,0.06800
RO,Romania,ROMANIA Outbound SMS - Vodafone,0.06800
RS,Serbia,SERBIA Outbound SMS - Other,0.02500
RS,Serbia,SERBIA Outbound SMS - Telenor,0.02500
RS,Serbia,SERBIA Outbound SMS - mts,0.02500
RS,Serbia,SERBIA Outbound SMS - vip,0.09100
RU,Russia,KAZAKHSTAN Outbound SMS - Kodotel,0.05000
RU,Russia,KAZAKHSTAN Outbound SMS - Rostelecom,0.10000
RU,Russia,RUSSIA Outbound SMS - Beeline,0.04500
RU,Russia,RUSSIA Outbound SMS - Global Telecom,0.04500
RU,Russia,RUSSIA Outbound SMS - MOTIV,0.04500
RU,Russia,RUSSIA Outbound SMS - MTS,0.04500
RU,Russia,RUSSIA Outbound SMS - MTT,0.04500
RU,Russia,RUSSIA Outbound SMS - MegaFon,0.04500
RU,Russia,RUSSIA Outbound SMS - Other,0.04500
RU,Russia,RUSSIA Outbound SMS - SMARTS,0.07000
RU,Russia,RUSSIA Outbound SMS - SkyLink,0.04500
RU,Russia,RUSSIA Outbound SMS - Tele2,0.04500
RU,Russia,RUSSIA Outbound SMS - Yota,0.07000
RU,Russia,RUSSIA Outbound SMS -TMT,0.07000
RW,Rwanda,RWANDA Outbound SMS - Airtel,0.03400
RW,Rwanda,RWANDA Outbound SMS - MTN,0.03400
RW,Rwanda,RWANDA Outbound SMS - Other,0.03400
RW,Rwanda,RWANDA Outbound SMS - Rwandatel,0.06800
RW,Rwanda,RWANDA Outbound SMS - Tigo,0.06800
SA,Saudi Arabia,SAUDI ARABIA Outbound SMS - Jawwal,0.08000
SA,Saudi Arabia,SAUDI ARABIA Outbound SMS - Lebara,0.04500
SA,Saudi Arabia,SAUDI ARABIA Outbound SMS - Mobily,0.03100
SA,Saudi Arabia,SAUDI ARABIA Outbound SMS - Other,0.03100
SA,Saudi Arabia,SAUDI ARABIA Outbound SMS - PTC,0.03100
SA,Saudi Arabia,SAUDI ARABIA Outbound SMS - STC,0.03100
SA,Saudi Arabia,SAUDI ARABIA Outbound SMS - Zain,0.03100
SB,Solomon Islands,SOLOMON ISLANDS Outbound SMS - Solomon Telekom Company,0.07900
SB,Solomon Islands,SOLOMON ISLANDS Outbound SMS - bmobile,0.07900
SC,Seychelles,SEYCHELLES Outbound SMS - Airtel,0.03250
SC,Seychelles,SEYCHELLES Outbound SMS - Cable and Wireless,0.03250
SC,Seychelles,SEYCHELLES Outbound SMS - Other,0.03250
SC,Seychelles,SEYCHELLES Outbound SMS - Smartcom,0.11483
SD,Sudan,SUDAN Outbound SMS - MTN,0.06000
SD,Sudan,SUDAN Outbound SMS - Other,0.06000
SD,Sudan,SUDAN Outbound SMS - Sudani,0.06000
SD,Sudan,SUDAN Outbound SMS - Vivacell,0.06000
SD,Sudan,SUDAN Outbound SMS - Zain,0.06000
SE,Sweden,SWEDEN Outbound SMS - 3,0.05500
SE,Sweden,SWEDEN Outbound SMS - Fogg Mobile,0.05500
SE,Sweden,SWEDEN Outbound SMS - Fourtytwo Telecom,0.05500
SE,Sweden,SWEDEN Outbound SMS - Gotalandsnatet,0.05500
SE,Sweden,SWEDEN Outbound SMS - Limitless,0.05500
SE,Sweden,SWEDEN Outbound SMS - Lycamobile,0.10000
SE,Sweden,SWEDEN Outbound SMS - Maingate,0.05500
SE,Sweden,SWEDEN Outbound SMS - Mundio Mobile,0.10000
SE,Sweden,SWEDEN Outbound SMS - Other,0.05500
SE,Sweden,SWEDEN Outbound SMS - Tele2,0.05500
SE,Sweden,SWEDEN Outbound SMS - Telenor,0.05500
SE,Sweden,SWEDEN Outbound SMS - Telia,0.05500
SE,Sweden,SWEDEN Outbound SMS - Ventelo,0.10000
SE,Sweden,SWEDEN Outbound SMS - Voxbone,0.05500
SG,Singapore,SINGAPORE Outbound SMS - Circles,0.05000
SG,Singapore,SINGAPORE Outbound SMS - M1,0.03000
SG,Singapore,SINGAPORE Outbound SMS - Other,0.03000
SG,Singapore,SINGAPORE Outbound SMS - SingTel,0.05000
SG,Singapore,SINGAPORE Outbound SMS - StarHub,0.03000
SI,Slovenia,SLOVENIA Outbound SMS - Mobitel,0.04700
SI,Slovenia,SLOVENIA Outbound SMS - Other,0.04700
SI,Slovenia,SLOVENIA Outbound SMS - Si.mobil,0.04700
SI,Slovenia,SLOVENIA Outbound SMS - T-2,0.04700
SI,Slovenia,SLOVENIA Outbound SMS - TuaÃ…Â­obil,0.04700
SK,Slovakia,SLOVAKIA Outbound SMS - O2,0.06500
SK,Slovakia,SLOVAKIA Outbound SMS - Orange,0.09750
SK,Slovakia,SLOVAKIA Outbound SMS - Other,0.06500
SK,Slovakia,SLOVAKIA Outbound SMS - Swan,0.06500
SK,Slovakia,SLOVAKIA Outbound SMS - Telekom,0.09750
SL,Sierra Leone,SIERRA LEONE Outbound SMS - Africell,0.03000
SL,Sierra Leone,SIERRA LEONE Outbound SMS - Airtel,0.05000
SL,Sierra Leone,SIERRA LEONE Outbound SMS - Comium,0.03000
SL,Sierra Leone,SIERRA LEONE Outbound SMS - Datatel,0.03000
SL,Sierra Leone,SIERRA LEONE Outbound SMS - Mobitel,0.03000
SL,Sierra Leone,SIERRA LEONE Outbound SMS - Other,0.03000
SL,Sierra Leone,SIERRA LEONE Outbound SMS - Tigo,0.05000
SM,San Marino,SAN MARINO Outbound SMS - Other,0.08667
SM,San Marino,SAN MARINO Outbound SMS - Prima,0.08667
SN,Senegal,SENEGAL Outbound SMS - Expresso,0.07000
SN,Senegal,SENEGAL Outbound SMS - Orange,0.13650
SN,Senegal,SENEGAL Outbound SMS - Other,0.03033
SN,Senegal,SENEGAL Outbound SMS - Tigo,0.03033
SO,Somalia,SOMALIA Outbound SMS - Golis Telecom Somalia,0.07000
SO,Somalia,SOMALIA Outbound SMS - Hormuud Telecom,0.07100
SO,Somalia,SOMALIA Outbound SMS - Nationlink,0.07000
SO,Somalia,SOMALIA Outbound SMS - SOMAFONE,0.07100
SO,Somalia,SOMALIA Outbound SMS - Somtel,0.07100
SO,Somalia,SOMALIA Outbound SMS - Telcom Mobile,0.11000
SO,Somalia,SOMALIA Outbound SMS - Telesom,0.07100
SR,Suriname,SURINAME Outbound SMS - Digicel,0.07000
SR,Suriname,SURINAME Outbound SMS - Other,0.01625
SR,Suriname,SURINAME Outbound SMS - Telesur,0.01625
SR,Suriname,SURINAME Outbound SMS - UNIQA,0.02500
SS,South Sudan,SOUTH SUDAN Outbound SMS - MTN,0.06000
SS,South Sudan,SOUTH SUDAN Outbound SMS - Other,0.06000
SS,South Sudan,SOUTH SUDAN Outbound SMS - Vivacell,0.06000
SS,South Sudan,SOUTH SUDAN Outbound SMS - Zain,0.06000
ST,Sao Tome and Principe,SAO TOME AND PRINCIPE Outbound SMS - CST,0.13000
ST,Sao Tome and Principe,SAO TOME AND PRINCIPE Outbound SMS - Other,0.10833
ST,Sao Tome and Principe,SAO TOME AND PRINCIPE Outbound SMS - STP ,0.03000
SV,El Salvador,EL SALVADOR Outbound SMS - Claro,0.04333
SV,El Salvador,EL SALVADOR Outbound SMS - Digicel,0.04330
SV,El Salvador,EL SALVADOR Outbound SMS - Other,0.04330
SV,El Salvador,EL SALVADOR Outbound SMS - Tigo,0.04330
SV,El Salvador,EL SALVADOR Outbound SMS - movistar,0.04330
SY,Syria,SYRIA Outbound SMS - MTN,0.10000
SY,Syria,SYRIA Outbound SMS - Other,0.07000
SY,Syria,SYRIA Outbound SMS - Syriatel,0.07000
SZ,Swaziland,SWAZILAND Outbound SMS - MTN,0.06300
SZ,Swaziland,SWAZILAND Outbound SMS - Other,0.06300
TC,Turks and Caicos Islands,TURKS & CAICOS Outbound SMS - Digicel,0.04983
TC,Turks and Caicos Islands,TURKS & CAICOS Outbound SMS - LIME,0.04400
TC,Turks and Caicos Islands,TURKS & CAICOS Outbound SMS - Other,0.03400
TC,Turks and Caicos Islands,TURKS AND CAICOS ISLANDS Outbound SMS - Islandcom Wireless,0.04400
TD,Chad,CHAD Outbound SMS - Airtel,0.08000
TD,Chad,CHAD Outbound SMS - Other,0.08000
TD,Chad,CHAD Outbound SMS - Tigo,0.08000
TG,Togo,TOGO Outbound SMS - Moov,0.05500
TG,Togo,TOGO Outbound SMS - Other,0.05500
TG,Togo,TOGO Outbound SMS - Togocel,0.05500
TH,Thailand,THAILAND Outbound SMS - AIS,0.02900
TH,Thailand,THAILAND Outbound SMS - CAT CDMA,0.02900
TH,Thailand,THAILAND Outbound SMS - DTAC,0.02900
TH,Thailand,THAILAND Outbound SMS - GSM 1800,0.02900
TH,Thailand,THAILAND Outbound SMS - MY,0.02900
TH,Thailand,THAILAND Outbound SMS - Other,0.02900
TH,Thailand,THAILAND Outbound SMS - TOT 3G,0.02900
TH,Thailand,THAILAND Outbound SMS - True Move,0.02900
TJ,Tajikistan,TAJIKISTAN Outbound SMS - Babilon Mobile,0.04700
TJ,Tajikistan,TAJIKISTAN Outbound SMS - Beeline,0.11000
TJ,Tajikistan,TAJIKISTAN Outbound SMS - Indigo,0.05900
TJ,Tajikistan,TAJIKISTAN Outbound SMS - MLT,0.11000
TJ,Tajikistan,TAJIKISTAN Outbound SMS - Other,0.04700
TJ,Tajikistan,TAJIKISTAN Outbound SMS - Somoncom,0.05900
TL,East Timor,TIMOR Outbound SMS - Other,0.08667
TL,East Timor,TIMOR-LESTE Outbound SMS - Telemor,0.10833
TL,East Timor,TIMOR-LESTE Outbound SMS - Telin,0.10833
TL,East Timor,TIMOR-LESTE Outbound SMS - Timor Telecom,0.08667
TM,Turkmenistan,TURKMENISTAN Outbound SMS - MTS,0.11483
TM,Turkmenistan,TURKMENISTAN Outbound SMS - TM Cell,0.08100
TN,Tunisia,TUNISIA Outbound SMS - Orange,0.07200
TN,Tunisia,TUNISIA Outbound SMS - Other,0.07200
TN,Tunisia,TUNISIA Outbound SMS - Tunicell,0.07200
TN,Tunisia,TUNISIA Outbound SMS - Tunisiana,0.08667
TO,Tonga,TONGA Outbound SMS  - Tonfon,0.04983
TO,Tonga,TONGA Outbound SMS - Digicel,0.04983
TO,Tonga,TONGA Outbound SMS - Other,0.04983
TO,Tonga,TONGA Outbound SMS - U-Call,0.07000
TR,Turkey,TURKEY Outbound SMS - Avea,0.02900
TR,Turkey,TURKEY Outbound SMS - Other,0.02900
TR,Turkey,TURKEY Outbound SMS - Turkcell,0.02900
TR,Turkey,TURKEY Outbound SMS - Vodafone,0.02900
TT,Trinidad and Tobago,TRINIDAD AND TOBAGO Outbound SMS - Digicel,0.08000
TT,Trinidad and Tobago,TRINIDAD AND TOBAGO Outbound SMS - Other,0.02000
TT,Trinidad and Tobago,TRINIDAD AND TOBAGO Outbound SMS - bMobile,0.02000
TV,Tuvalu,TUVALU Outbound SMS - Tuvalu Telecommunications Corporation,0.10000
TW,Taiwan,TAIWAN Outbound SMS - APT,0.05400
TW,Taiwan,TAIWAN Outbound SMS - Chunghwa Telecom,0.05400
TW,Taiwan,TAIWAN Outbound SMS - FarEasTone,0.05400
TW,Taiwan,TAIWAN Outbound SMS - Other,0.05400
TW,Taiwan,TAIWAN Outbound SMS - Taiwan Mobile,0.05400
TW,Taiwan,TAIWAN Outbound SMS - VIBO,0.05400
TZ,Tanzania,TANZANIA Outbound SMS - Airtel,0.09000
TZ,Tanzania,TANZANIA Outbound SMS - Benson Informatics,0.05200
TZ,Tanzania,TANZANIA Outbound SMS - Excellentcom,0.05200
TZ,Tanzania,TANZANIA Outbound SMS - MyCell,0.05200
TZ,Tanzania,TANZANIA Outbound SMS - Other,0.05200
TZ,Tanzania,TANZANIA Outbound SMS - Sasatel,0.04000
TZ,Tanzania,TANZANIA Outbound SMS - SmileCom,0.05200
TZ,Tanzania,TANZANIA Outbound SMS - TTCL Mobile,0.05200
TZ,Tanzania,TANZANIA Outbound SMS - Tigo,0.05200
TZ,Tanzania,TANZANIA Outbound SMS - Vodacom,0.05200
TZ,Tanzania,TANZANIA Outbound SMS - Zantel,0.05200
UA,Ukraine,UKRAINE Outbound SMS - Beeline,0.08700
UA,Ukraine,UKRAINE Outbound SMS - Golden Telecom,0.08700
UA,Ukraine,UKRAINE Outbound SMS - Intertelecom,0.08700
UA,Ukraine,UKRAINE Outbound SMS - Kyivstar,0.08700
UA,Ukraine,UKRAINE Outbound SMS - MTS,0.08700
UA,Ukraine,UKRAINE Outbound SMS - Other,0.08700
UA,Ukraine,UKRAINE Outbound SMS - Telesystems,0.08700
UA,Ukraine,UKRAINE Outbound SMS - TriMob,0.08700
UA,Ukraine,UKRAINE Outbound SMS - life:),0.08700
UG,Uganda,UGANDA Outbound SMS - Airtel,0.06500
UG,Uganda,UGANDA Outbound SMS - MTN,0.06500
UG,Uganda,UGANDA Outbound SMS - Orange,0.06500
UG,Uganda,UGANDA Outbound SMS - Other,0.06500
UG,Uganda,UGANDA Outbound SMS - UT Mobile,0.06500
UG,Uganda,UGANDA Outbound SMS - Vodafone,0.06500
UG,Uganda,UGANDA Outbound SMS - Warid,0.06500
US,United States,UNITED STATES Outbound SMS - Other,0.00750
UY,Uruguay,URUGUAY Outbound SMS - Antel,0.09014
UY,Uruguay,URUGUAY Outbound SMS - Claro,0.06700
UY,Uruguay,URUGUAY Outbound SMS - Other,0.06200
UY,Uruguay,URUGUAY Outbound SMS - movistar,0.06700
UZ,Uzbekistan,UZBEKISTAN Outbound SMS - Beeline,0.11000
UZ,Uzbekistan,UZBEKISTAN Outbound SMS - Other,0.11000
UZ,Uzbekistan,UZBEKISTAN Outbound SMS - Perfectum,0.11000
UZ,Uzbekistan,UZBEKISTAN Outbound SMS - Ucell,0.11000
UZ,Uzbekistan,UZBEKISTAN Outbound SMS - Uzdunrobita,0.11000
UZ,Uzbekistan,UZBEKISTAN Outbound SMS - Uzmobile,0.11000
VC,St Vincent Grenadines,ST. VINCENT & GRENADINES Outbound SMS - Digicel,0.05500
VC,St Vincent Grenadines,ST. VINCENT & GRENADINES Outbound SMS - LIME,0.05500
VC,St Vincent Grenadines,ST. VINCENT & GRENADINES Outbound SMS - Other,0.05500
VE,Venezuela,VENEZUELA Outbound SMS - Digitel,0.04800
VE,Venezuela,VENEZUELA Outbound SMS - Movilnet,0.04800
VE,Venezuela,VENEZUELA Outbound SMS - Other,0.04800
VE,Venezuela,VENEZUELA Outbound SMS - movistar,0.04800
VG,"Virgin Islands, British",BRITISH VIRGIN ISLANDS Outbound SMS - CCT,0.05417
VG,"Virgin Islands, British",BRITISH VIRGIN ISLANDS Outbound SMS - Digicel,0.05417
VG,"Virgin Islands, British",BRITISH VIRGIN ISLANDS Outbound SMS - LIME,0.05417
VG,"Virgin Islands, British",BRITISH VIRGIN ISLANDS Outbound SMS - Other,0.05417
VI,"Virgin Islands, U.S.",US VIRGIN ISLANDS Outbound SMS,0.02000
VN,Vietnam,VIETNAM Outbound SMS - Beeline,0.05990
VN,Vietnam,VIETNAM Outbound SMS - EVNTelecom,0.10400
VN,Vietnam,VIETNAM Outbound SMS - MobiFone,0.05990
VN,Vietnam,VIETNAM Outbound SMS - Other,0.05990
VN,Vietnam,VIETNAM Outbound SMS - S-Fone,0.05990
VN,Vietnam,VIETNAM Outbound SMS - Vietnamobile,0.05990
VN,Vietnam,VIETNAM Outbound SMS - Viettel Mobile,0.05990
VN,Vietnam,VIETNAM Outbound SMS - Vinaphone,0.05990
VU,Vanuatu,VANUATU Outbound SMS - Digicel Vanuatu,0.04983
VU,Vanuatu,VANUATU Outbound SMS - Other,0.04983
VU,Vanuatu,VANUATU Outbound SMS - TVL,0.07000
WS,Samoa,SAMOA Outbound SMS - Digicel,0.04983
WS,Samoa,SAMOA Outbound SMS - Other,0.04983
WS,Samoa,SAMOA Outbound SMS - SamoaTel,0.04983
XK,Kosovo,KOSOVO Outbound SMS - IPKO,0.09000
XK,Kosovo,KOSOVO Outbound SMS - Vala,0.09000
XK,Kosovo,KOSOVO Outbound SMS - Zmobile,0.09000
YE,Yemen,YEMEN Outbound SMS - HiTS-UNITEL,0.09000
YE,Yemen,YEMEN Outbound SMS - Other,0.09000
YE,Yemen,YEMEN Outbound SMS - Sabafon,0.09000
YE,Yemen,YEMEN Outbound SMS - Spacetel Yemen,0.09000
YE,Yemen,YEMEN Outbound SMS - Yemen Mobile,0.09000
ZA,South Africa,SOUTH AFRICA Outbound SMS - 8ta,0.02700
ZA,South Africa,SOUTH AFRICA Outbound SMS - Cell C,0.02700
ZA,South Africa,SOUTH AFRICA Outbound SMS - MTN,0.02700
ZA,South Africa,SOUTH AFRICA Outbound SMS - Other,0.02700
ZA,South Africa,SOUTH AFRICA Outbound SMS - Vodacom,0.02700
ZM,Zambia,ZAMBIA Outbound SMS - Airtel,0.10000
ZM,Zambia,ZAMBIA Outbound SMS - MTN,0.04767
ZM,Zambia,ZAMBIA Outbound SMS - Other,0.04000
ZM,Zambia,ZAMBIA Outbound SMS - ZAMTEL,0.04000
ZW,Zimbabwe,ZIMBABWE Outbound SMS - Econet Wireless,0.11483
ZW,Zimbabwe,ZIMBABWE Outbound SMS - NetOne,0.04000
ZW,Zimbabwe,ZIMBABWE Outbound SMS - Other,0.01950
ZW,Zimbabwe,ZIMBABWE Outbound SMS - Telecel,0.01950
